Record ID,Created Date,Date Closed,Due Date,Last Modified Date,Implementation Phase,Implementation Type,Record ID,Target Implementation Date,URL-Record ID,URL-Record ID
CA-017244,19-04-24 13:32,06-Jun-24,27-May-24,06-06-24 10:54,N/A,Pre-Implementation,QE-007109,31-May-24,https://bluebirdbio-qualitydocs.veevavault.com/ui/#object/change_action__qdm/OPA0000000YC005,https://bluebirdbio-qualitydocs.veevavault.com/ui/#object/quality_event__qdm/OP20000000W8008
CA-017242,19-04-24 13:30,06-Jun-24,27-May-24,06-06-24 10:53,N/A,Pre-Implementation,QE-007109,31-May-24,https://bluebirdbio-qualitydocs.veevavault.com/ui/#object/change_action__qdm/OPA0000000YC003,https://bluebirdbio-qualitydocs.veevavault.com/ui/#object/quality_event__qdm/OP20000000W8008
CA-017164,04-04-24 11:03,08-Apr-24,05-Apr-24,08-04-24 12:41,N/A,Pre-Implementation,QE-007108,08-Apr-24,https://bluebirdbio-qualitydocs.veevavault.com/ui/#object/change_action__qdm/OPA0000000Y7001,https://bluebirdbio-qualitydocs.veevavault.com/ui/#object/quality_event__qdm/OP20000000W8007
CA-017125,28-03-24 12:46,11-Apr-24,08-May-24,11-04-24 10:06,N/A,Pre-Implementation,QE-007099,12-Apr-24,https://bluebirdbio-qualitydocs.veevavault.com/ui/#object/change_action__qdm/OPA0000000Y4002,https://bluebirdbio-qualitydocs.veevavault.com/ui/#object/quality_event__qdm/OP20000000W6002
CA-017122,28-03-24 11:23,24-Apr-24,29-May-24,24-04-24 15:34,N/A,Post-Implementation,QE-006830,29-Apr-24,https://bluebirdbio-qualitydocs.veevavault.com/ui/#object/change_action__qdm/OPA0000000Y3001,https://bluebirdbio-qualitydocs.veevavault.com/ui/#object/quality_event__qdm/OP20000000TP003
CA-017067,19-03-24 10:05,17-Jun-24,30-Oct-24,17-06-24 12:53,N/A,Pre-Implementation,QE-007070,30-Sep-24,https://bluebirdbio-qualitydocs.veevavault.com/ui/#object/change_action__qdm/OPA0000000XX010,https://bluebirdbio-qualitydocs.veevavault.com/ui/#object/quality_event__qdm/OP20000000VY002
CA-017066,19-03-24 10:04,17-Jun-24,30-Oct-24,17-06-24 12:54,N/A,Pre-Implementation,QE-007070,30-Sep-24,https://bluebirdbio-qualitydocs.veevavault.com/ui/#object/change_action__qdm/OPA0000000XX009,https://bluebirdbio-qualitydocs.veevavault.com/ui/#object/quality_event__qdm/OP20000000VY002
CA-017065,19-03-24 9:58,17-Jun-24,30-Oct-24,17-06-24 12:47,N/A,Pre-Implementation,QE-007069,30-Sep-24,https://bluebirdbio-qualitydocs.veevavault.com/ui/#object/change_action__qdm/OPA0000000XY006,https://bluebirdbio-qualitydocs.veevavault.com/ui/#object/quality_event__qdm/OP20000000VY001
CA-017064,19-03-24 9:54,17-Jun-24,30-Oct-24,17-06-24 12:46,N/A,Pre-Implementation,QE-007069,30-Sep-24,https://bluebirdbio-qualitydocs.veevavault.com/ui/#object/change_action__qdm/OPA0000000XY005,https://bluebirdbio-qualitydocs.veevavault.com/ui/#object/quality_event__qdm/OP20000000VY001
CA-017061,18-03-24 12:32,26-Mar-24,30-Apr-24,23-04-24 11:30,N/A,Pre-Implementation,QE-006770,30-Apr-24,https://bluebirdbio-qualitydocs.veevavault.com/ui/#object/change_action__qdm/OPA0000000XX007,https://bluebirdbio-qualitydocs.veevavault.com/ui/#object/quality_event__qdm/OP20000000T5003
CA-017050,18-03-24 8:30,18-Mar-24,31-May-24,18-03-24 17:43,,Pre-Implementation,QE-007002,30-Jun-24,https://bluebirdbio-qualitydocs.veevavault.com/ui/#object/change_action__qdm/OPA0000000XX002,https://bluebirdbio-qualitydocs.veevavault.com/ui/#object/quality_event__qdm/OP20000000VH010
CA-017049,18-03-24 8:30,18-Mar-24,31-May-24,18-03-24 17:29,,Pre-Implementation,QE-007002,30-Jun-24,https://bluebirdbio-qualitydocs.veevavault.com/ui/#object/change_action__qdm/OPA0000000XX001,https://bluebirdbio-qualitydocs.veevavault.com/ui/#object/quality_event__qdm/OP20000000VH010
CA-017040,15-03-24 14:48,08-May-24,30-Dec-24,08-05-24 13:51,N/A,Pre-Implementation,QE-007065,30-Dec-24,https://bluebirdbio-qualitydocs.veevavault.com/ui/#object/change_action__qdm/OPA0000000XU013,https://bluebirdbio-qualitydocs.veevavault.com/ui/#object/quality_event__qdm/OP20000000VV003
CA-017039,15-03-24 14:47,12-Apr-24,30-Dec-24,12-04-24 11:05,N/A,Pre-Implementation,QE-007065,30-Dec-24,https://bluebirdbio-qualitydocs.veevavault.com/ui/#object/change_action__qdm/OPA0000000XU012,https://bluebirdbio-qualitydocs.veevavault.com/ui/#object/quality_event__qdm/OP20000000VV003
CA-017038,15-03-24 14:46,08-May-24,30-Dec-24,08-05-24 13:50,N/A,Pre-Implementation,QE-007065,30-Dec-24,https://bluebirdbio-qualitydocs.veevavault.com/ui/#object/change_action__qdm/OPA0000000XU011,https://bluebirdbio-qualitydocs.veevavault.com/ui/#object/quality_event__qdm/OP20000000VV003
CA-016967,13-03-24 11:08,29-Apr-24,28-Jun-24,08-05-24 13:34,N/A,Pre-Implementation,QE-006294,30-Nov-23,https://bluebirdbio-qualitydocs.veevavault.com/ui/#object/change_action__qdm/OPA0000000XR046,https://bluebirdbio-qualitydocs.veevavault.com/ui/#object/quality_event__qdm/OP20000000O1001
CA-016965,13-03-24 11:02,29-Apr-24,28-Jun-24,08-05-24 13:34,N/A,Pre-Implementation,QE-006413,30-Nov-23,https://bluebirdbio-qualitydocs.veevavault.com/ui/#object/change_action__qdm/OPA0000000XR045,https://bluebirdbio-qualitydocs.veevavault.com/ui/#object/quality_event__qdm/OP20000000PP004
CA-016905,11-03-24 9:45,28-Mar-24,29-Apr-24,28-03-24 9:17,N/A,Pre-Implementation,QE-006830,29-Apr-24,https://bluebirdbio-qualitydocs.veevavault.com/ui/#object/change_action__qdm/OPA0000000XS019,https://bluebirdbio-qualitydocs.veevavault.com/ui/#object/quality_event__qdm/OP20000000TP003
CA-016878,08-03-24 9:35,23-Apr-24,22-Mar-24,23-04-24 19:23,,Pre-Implementation,QE-007053,31-Mar-24,https://bluebirdbio-qualitydocs.veevavault.com/ui/#object/change_action__qdm/OPA0000000XR014,https://bluebirdbio-qualitydocs.veevavault.com/ui/#object/quality_event__qdm/OP20000000VU012
CA-016643,28-02-24 13:22,06-Jun-24,29-Oct-24,06-06-24 11:59,N/A,Pre-Implementation,QE-007011,29-Oct-24,https://bluebirdbio-qualitydocs.veevavault.com/ui/#object/change_action__qdm/OPA0000000XJ017,https://bluebirdbio-qualitydocs.veevavault.com/ui/#object/quality_event__qdm/OP20000000VJ003
CA-016642,28-02-24 13:21,06-Jun-24,29-Oct-24,06-06-24 9:11,N/A,Pre-Implementation,QE-007011,29-Oct-24,https://bluebirdbio-qualitydocs.veevavault.com/ui/#object/change_action__qdm/OPA0000000XJ016,https://bluebirdbio-qualitydocs.veevavault.com/ui/#object/quality_event__qdm/OP20000000VJ003
CA-016629,26-02-24 17:12,23-May-24,29-Oct-24,23-05-24 10:44,N/A,Pre-Implementation,QE-007007,29-Oct-24,https://bluebirdbio-qualitydocs.veevavault.com/ui/#object/change_action__qdm/OPA0000000XJ009,https://bluebirdbio-qualitydocs.veevavault.com/ui/#object/quality_event__qdm/OP20000000VJ001
CA-016628,26-02-24 17:10,23-May-24,29-Oct-24,23-05-24 10:45,N/A,Pre-Implementation,QE-007007,29-Oct-24,https://bluebirdbio-qualitydocs.veevavault.com/ui/#object/change_action__qdm/OPA0000000XJ008,https://bluebirdbio-qualitydocs.veevavault.com/ui/#object/quality_event__qdm/OP20000000VJ001
CA-016627,26-02-24 17:09,23-May-24,29-Oct-24,23-05-24 10:53,N/A,Pre-Implementation,QE-007007,29-Oct-24,https://bluebirdbio-qualitydocs.veevavault.com/ui/#object/change_action__qdm/OPA0000000XJ007,https://bluebirdbio-qualitydocs.veevavault.com/ui/#object/quality_event__qdm/OP20000000VJ001
CA-016626,26-02-24 17:04,23-May-24,29-Oct-24,23-05-24 10:42,N/A,Pre-Implementation,QE-007004,29-Oct-24,https://bluebirdbio-qualitydocs.veevavault.com/ui/#object/change_action__qdm/OPA0000000XJ006,https://bluebirdbio-qualitydocs.veevavault.com/ui/#object/quality_event__qdm/OP20000000VF010
CA-016625,26-02-24 17:02,23-May-24,29-Oct-24,23-05-24 10:40,N/A,Pre-Implementation,QE-007004,29-Oct-24,https://bluebirdbio-qualitydocs.veevavault.com/ui/#object/change_action__qdm/OPA0000000XJ005,https://bluebirdbio-qualitydocs.veevavault.com/ui/#object/quality_event__qdm/OP20000000VF010
CA-016624,26-02-24 16:59,23-May-24,29-Oct-24,23-05-24 10:37,N/A,Pre-Implementation,QE-007004,29-Oct-24,https://bluebirdbio-qualitydocs.veevavault.com/ui/#object/change_action__qdm/OPA0000000XL003,https://bluebirdbio-qualitydocs.veevavault.com/ui/#object/quality_event__qdm/OP20000000VF010
CA-016619,26-02-24 13:01,13-Jun-24,29-Mar-24,13-06-24 9:40,NA,Pre-Implementation,QE-007002,30-Jun-24,https://bluebirdbio-qualitydocs.veevavault.com/ui/#object/change_action__qdm/OPA0000000XJ004,https://bluebirdbio-qualitydocs.veevavault.com/ui/#object/quality_event__qdm/OP20000000VH010
CA-016618,26-02-24 12:45,13-Jun-24,05-Apr-24,13-06-24 9:40,NA,Pre-Implementation,QE-007002,30-Jun-24,https://bluebirdbio-qualitydocs.veevavault.com/ui/#object/change_action__qdm/OPA0000000XJ003,https://bluebirdbio-qualitydocs.veevavault.com/ui/#object/quality_event__qdm/OP20000000VH010
CA-016453,13-02-24 10:57,20-Feb-24,29-Apr-24,20-02-24 8:36,N/A,Pre-Implementation,QE-006825,29-Apr-24,https://bluebirdbio-qualitydocs.veevavault.com/ui/#object/change_action__qdm/OPA0000000XA006,https://bluebirdbio-qualitydocs.veevavault.com/ui/#object/quality_event__qdm/OP20000000TQ005
CA-016405,31-01-24 12:28,21-Feb-24,28-May-24,21-02-24 11:23,N/A,Post-Implementation,QE-006893,28-May-24,https://bluebirdbio-qualitydocs.veevavault.com/ui/#object/change_action__qdm/OPA0000000X0005,https://bluebirdbio-qualitydocs.veevavault.com/ui/#object/quality_event__qdm/OP20000000U3005
CA-016404,31-01-24 9:22,08-Feb-24,29-Mar-24,08-02-24 11:36,N/A,Post-Implementation,QE-006824,29-Apr-24,https://bluebirdbio-qualitydocs.veevavault.com/ui/#object/change_action__qdm/OPA0000000X0004,https://bluebirdbio-qualitydocs.veevavault.com/ui/#object/quality_event__qdm/OP20000000TN005
CA-016391,26-01-24 10:50,08-Feb-24,29-Mar-24,08-02-24 12:04,N/A,Post-Implementation,QE-006860,29-Mar-24,https://bluebirdbio-qualitydocs.veevavault.com/ui/#object/change_action__qdm/OPA0000000X0002,https://bluebirdbio-qualitydocs.veevavault.com/ui/#object/quality_event__qdm/OP20000000TT006
CA-016338,16-01-24 16:15,13-Jun-24,31-May-24,13-06-24 14:39,N/A,Pre-Implementation,QE-006923,31-May-24,https://bluebirdbio-qualitydocs.veevavault.com/ui/#object/change_action__qdm/OPA0000000WU011,https://bluebirdbio-qualitydocs.veevavault.com/ui/#object/quality_event__qdm/OP20000000UQ001
CA-016337,16-01-24 16:14,08-Mar-24,31-May-24,08-03-24 9:25,N/A,Pre-Implementation,QE-006923,31-May-24,https://bluebirdbio-qualitydocs.veevavault.com/ui/#object/change_action__qdm/OPA0000000WS012,https://bluebirdbio-qualitydocs.veevavault.com/ui/#object/quality_event__qdm/OP20000000UQ001
CA-016336,16-01-24 16:13,13-Jun-24,31-May-24,13-06-24 14:32,N/A,Pre-Implementation,QE-006923,31-May-24,https://bluebirdbio-qualitydocs.veevavault.com/ui/#object/change_action__qdm/OPA0000000WR019,https://bluebirdbio-qualitydocs.veevavault.com/ui/#object/quality_event__qdm/OP20000000UQ001
CA-016335,16-01-24 16:05,21-Mar-24,30-Apr-24,21-03-24 12:12,N/A,Pre-Implementation,QE-006962,30-Apr-24,https://bluebirdbio-qualitydocs.veevavault.com/ui/#object/change_action__qdm/OPA0000000WT012,https://bluebirdbio-qualitydocs.veevavault.com/ui/#object/quality_event__qdm/OP20000000V0004
CA-016334,16-01-24 16:05,21-Mar-24,30-Apr-24,21-03-24 12:11,N/A,Pre-Implementation,QE-006962,30-Apr-24,https://bluebirdbio-qualitydocs.veevavault.com/ui/#object/change_action__qdm/OPA0000000WR018,https://bluebirdbio-qualitydocs.veevavault.com/ui/#object/quality_event__qdm/OP20000000V0004
CA-016333,16-01-24 15:56,14-Mar-24,31-May-24,14-03-24 13:12,N/A,Pre-Implementation,QE-006922,31-May-24,https://bluebirdbio-qualitydocs.veevavault.com/ui/#object/change_action__qdm/OPA0000000WS011,https://bluebirdbio-qualitydocs.veevavault.com/ui/#object/quality_event__qdm/OP20000000UP001
CA-016332,16-01-24 15:46,06-Mar-24,31-May-24,06-03-24 10:27,N/A,Pre-Implementation,QE-006922,31-May-24,https://bluebirdbio-qualitydocs.veevavault.com/ui/#object/change_action__qdm/OPA0000000WR017,https://bluebirdbio-qualitydocs.veevavault.com/ui/#object/quality_event__qdm/OP20000000UP001
CA-016331,16-01-24 15:44,14-Mar-24,31-May-24,14-03-24 13:10,N/A,Pre-Implementation,QE-006922,31-May-24,https://bluebirdbio-qualitydocs.veevavault.com/ui/#object/change_action__qdm/OPA0000000WU010,https://bluebirdbio-qualitydocs.veevavault.com/ui/#object/quality_event__qdm/OP20000000UP001
CA-016330,16-01-24 15:34,14-Mar-24,31-May-24,14-03-24 13:08,N/A,Pre-Implementation,QE-006921,31-May-24,https://bluebirdbio-qualitydocs.veevavault.com/ui/#object/change_action__qdm/OPA0000000WT011,https://bluebirdbio-qualitydocs.veevavault.com/ui/#object/quality_event__qdm/OP20000000UO001
CA-016329,16-01-24 15:33,06-Mar-24,31-May-24,06-03-24 10:18,N/A,Pre-Implementation,QE-006921,31-May-24,https://bluebirdbio-qualitydocs.veevavault.com/ui/#object/change_action__qdm/OPA0000000WT010,https://bluebirdbio-qualitydocs.veevavault.com/ui/#object/quality_event__qdm/OP20000000UO001
CA-016328,16-01-24 15:31,14-Mar-24,31-May-24,14-03-24 13:06,N/A,Pre-Implementation,QE-006921,31-May-24,https://bluebirdbio-qualitydocs.veevavault.com/ui/#object/change_action__qdm/OPA0000000WS010,https://bluebirdbio-qualitydocs.veevavault.com/ui/#object/quality_event__qdm/OP20000000UO001
CA-016307,12-01-24 13:31,19-Mar-24,17-Jan-24,19-03-24 9:53,N/A,Post-Implementation,QE-006619,31-Aug-23,https://bluebirdbio-qualitydocs.veevavault.com/ui/#object/change_action__qdm/OPA0000000WR010,https://bluebirdbio-qualitydocs.veevavault.com/ui/#object/quality_event__qdm/OP20000000RR007
CA-016282,09-01-24 9:05,28-Mar-24,31-Jan-24,28-03-24 11:51,,Post-Implementation,QE-006613,20-Dec-23,https://bluebirdbio-qualitydocs.veevavault.com/ui/#object/change_action__qdm/OPA0000000WN008,https://bluebirdbio-qualitydocs.veevavault.com/ui/#object/quality_event__qdm/OP20000000RQ002
CA-016281,08-01-24 17:09,06-Feb-24,31-Jan-24,06-02-24 11:23,,Post-Implementation,QE-006532,24-Jan-24,https://bluebirdbio-qualitydocs.veevavault.com/ui/#object/change_action__qdm/OPA0000000WQ003,https://bluebirdbio-qualitydocs.veevavault.com/ui/#object/quality_event__qdm/OP20000000QY005
CA-016278,08-01-24 13:53,29-Jan-24,31-Jan-24,06-06-24 9:20,N/A,Post-Implementation,QE-006613,20-Dec-23,https://bluebirdbio-qualitydocs.veevavault.com/ui/#object/change_action__qdm/OPA0000000WP007,https://bluebirdbio-qualitydocs.veevavault.com/ui/#object/quality_event__qdm/OP20000000RQ002
CA-016267,05-01-24 16:34,07-Feb-24,28-May-24,07-02-24 12:07,N/A,Pre-Implementation,QE-006920,28-May-24,https://bluebirdbio-qualitydocs.veevavault.com/ui/#object/change_action__qdm/OPA0000000WP002,https://bluebirdbio-qualitydocs.veevavault.com/ui/#object/quality_event__qdm/OP20000000UN001
CA-016266,05-01-24 16:32,15-Feb-24,28-May-24,15-02-24 8:51,N/A,Pre-Implementation,QE-006920,28-May-24,https://bluebirdbio-qualitydocs.veevavault.com/ui/#object/change_action__qdm/OPA0000000WP001,https://bluebirdbio-qualitydocs.veevavault.com/ui/#object/quality_event__qdm/OP20000000UN001
CA-016264,05-01-24 16:26,07-Feb-24,28-May-24,07-02-24 16:35,N/A,Pre-Implementation,QE-006919,28-May-24,https://bluebirdbio-qualitydocs.veevavault.com/ui/#object/change_action__qdm/OPA0000000WN003,https://bluebirdbio-qualitydocs.veevavault.com/ui/#object/quality_event__qdm/OP20000000UM001
CA-016263,05-01-24 16:24,15-Feb-24,28-May-24,15-02-24 8:53,N/A,Pre-Implementation,QE-006919,28-May-24,https://bluebirdbio-qualitydocs.veevavault.com/ui/#object/change_action__qdm/OPA0000000WN002,https://bluebirdbio-qualitydocs.veevavault.com/ui/#object/quality_event__qdm/OP20000000UM001
CA-016212,22-12-23 13:50,15-May-24,01-Jul-24,15-05-24 15:38,N/A,Pre-Implementation,QE-006046,30-Nov-23,https://bluebirdbio-qualitydocs.veevavault.com/ui/#object/change_action__qdm/OPA0000000WH002,https://bluebirdbio-qualitydocs.veevavault.com/ui/#object/quality_event__qdm/OP20000000L6003
CA-016206,21-12-23 11:28,16-Jan-24,29-Apr-24,16-01-24 14:13,N/A,Post-Implementation,QE-006819,29-Apr-24,https://bluebirdbio-qualitydocs.veevavault.com/ui/#object/change_action__qdm/OPA0000000WE001,https://bluebirdbio-qualitydocs.veevavault.com/ui/#object/quality_event__qdm/OP20000000TJ003
CA-016205,21-12-23 9:25,16-Jan-24,30-Apr-24,16-01-24 14:22,N/A,Post-Implementation,QE-006856,30-Apr-24,https://bluebirdbio-qualitydocs.veevavault.com/ui/#object/change_action__qdm/OPA0000000WD001,https://bluebirdbio-qualitydocs.veevavault.com/ui/#object/quality_event__qdm/OP20000000TR003
CA-016197,19-12-23 18:15,01-Mar-24,31-May-24,18-06-24 11:53,N/A,Pre-Implementation,QE-006896,31-May-24,https://bluebirdbio-qualitydocs.veevavault.com/ui/#object/change_action__qdm/OPA0000000WC003,https://bluebirdbio-qualitydocs.veevavault.com/ui/#object/quality_event__qdm/OP20000000U6001
CA-016196,19-12-23 18:14,01-Mar-24,31-May-24,18-06-24 11:53,N/A,Pre-Implementation,QE-006896,31-May-24,https://bluebirdbio-qualitydocs.veevavault.com/ui/#object/change_action__qdm/OPA0000000WA012,https://bluebirdbio-qualitydocs.veevavault.com/ui/#object/quality_event__qdm/OP20000000U6001
CA-016195,19-12-23 18:09,15-Feb-24,31-May-24,15-02-24 9:03,N/A,Pre-Implementation,QE-006897,31-May-24,https://bluebirdbio-qualitydocs.veevavault.com/ui/#object/change_action__qdm/OPA0000000WB006,https://bluebirdbio-qualitydocs.veevavault.com/ui/#object/quality_event__qdm/OP20000000U7001
CA-016194,19-12-23 18:08,14-Feb-24,31-May-24,14-02-24 10:36,N/A,Pre-Implementation,QE-006897,31-May-24,https://bluebirdbio-qualitydocs.veevavault.com/ui/#object/change_action__qdm/OPA0000000WC002,https://bluebirdbio-qualitydocs.veevavault.com/ui/#object/quality_event__qdm/OP20000000U7001
CA-016193,19-12-23 17:38,29-Mar-24,28-May-24,29-03-24 8:46,N/A,Pre-Implementation,QE-006895,28-May-24,https://bluebirdbio-qualitydocs.veevavault.com/ui/#object/change_action__qdm/OPA0000000WC001,https://bluebirdbio-qualitydocs.veevavault.com/ui/#object/quality_event__qdm/OP20000000U3007
CA-016192,19-12-23 17:37,29-Mar-24,28-May-24,29-03-24 8:45,N/A,Pre-Implementation,QE-006895,28-May-24,https://bluebirdbio-qualitydocs.veevavault.com/ui/#object/change_action__qdm/OPA0000000W9020,https://bluebirdbio-qualitydocs.veevavault.com/ui/#object/quality_event__qdm/OP20000000U3007
CA-016114,14-12-23 13:53,27-Mar-24,28-May-24,16-04-24 13:57,N/A,Pre-Implementation,QE-006892,28-May-24,https://bluebirdbio-qualitydocs.veevavault.com/ui/#object/change_action__qdm/OPA0000000W3014,https://bluebirdbio-qualitydocs.veevavault.com/ui/#object/quality_event__qdm/OP20000000U3003
CA-016113,14-12-23 13:50,19-Mar-24,28-Feb-24,17-04-24 13:29,,Post-Implementation,QE-006619,31-Aug-23,https://bluebirdbio-qualitydocs.veevavault.com/ui/#object/change_action__qdm/OPA0000000W4007,https://bluebirdbio-qualitydocs.veevavault.com/ui/#object/quality_event__qdm/OP20000000RR007
CA-016112,14-12-23 13:50,27-Mar-24,28-May-24,16-04-24 13:57,N/A,Pre-Implementation,QE-006892,28-May-24,https://bluebirdbio-qualitydocs.veevavault.com/ui/#object/change_action__qdm/OPA0000000W3013,https://bluebirdbio-qualitydocs.veevavault.com/ui/#object/quality_event__qdm/OP20000000U3003
CA-016087,12-12-23 13:50,23-Feb-24,30-Apr-24,23-02-24 13:30,N/A,Pre-Implementation,QE-006874,30-Apr-24,https://bluebirdbio-qualitydocs.veevavault.com/ui/#object/change_action__qdm/OPA0000000W2007,https://bluebirdbio-qualitydocs.veevavault.com/ui/#object/quality_event__qdm/OP20000000TW006
CA-016086,12-12-23 13:49,15-Feb-24,30-Apr-24,15-02-24 8:50,N/A,Pre-Implementation,QE-006874,30-Apr-24,https://bluebirdbio-qualitydocs.veevavault.com/ui/#object/change_action__qdm/OPA0000000W2006,https://bluebirdbio-qualitydocs.veevavault.com/ui/#object/quality_event__qdm/OP20000000TW006
CA-016085,12-12-23 13:47,23-Feb-24,30-Apr-24,23-02-24 14:54,N/A,Pre-Implementation,QE-006874,30-Apr-24,https://bluebirdbio-qualitydocs.veevavault.com/ui/#object/change_action__qdm/OPA0000000W2005,https://bluebirdbio-qualitydocs.veevavault.com/ui/#object/quality_event__qdm/OP20000000TW006
CA-016084,12-12-23 13:28,28-Feb-24,26-Jun-24,28-02-24 16:25,N/A,Pre-Implementation,QE-006885,26-Jun-24,https://bluebirdbio-qualitydocs.veevavault.com/ui/#object/change_action__qdm/OPA0000000W3005,https://bluebirdbio-qualitydocs.veevavault.com/ui/#object/quality_event__qdm/OP20000000U0001
CA-016083,12-12-23 13:27,28-Feb-24,26-Jun-24,28-02-24 16:26,N/A,Pre-Implementation,QE-006885,26-Jun-24,https://bluebirdbio-qualitydocs.veevavault.com/ui/#object/change_action__qdm/OPA0000000W4005,https://bluebirdbio-qualitydocs.veevavault.com/ui/#object/quality_event__qdm/OP20000000U0001
CA-016082,12-12-23 13:26,28-Feb-24,26-Jun-24,28-02-24 16:25,N/A,Pre-Implementation,QE-006885,26-Jun-24,https://bluebirdbio-qualitydocs.veevavault.com/ui/#object/change_action__qdm/OPA0000000W4004,https://bluebirdbio-qualitydocs.veevavault.com/ui/#object/quality_event__qdm/OP20000000U0001
CA-016081,12-12-23 13:21,28-Feb-24,26-Jun-24,28-02-24 16:26,N/A,Pre-Implementation,QE-006884,26-Jun-24,https://bluebirdbio-qualitydocs.veevavault.com/ui/#object/change_action__qdm/OPA0000000W1009,https://bluebirdbio-qualitydocs.veevavault.com/ui/#object/quality_event__qdm/OP20000000TZ002
CA-016080,12-12-23 13:19,28-Feb-24,26-Jun-24,28-02-24 16:25,N/A,Pre-Implementation,QE-006884,26-Jun-24,https://bluebirdbio-qualitydocs.veevavault.com/ui/#object/change_action__qdm/OPA0000000W4003,https://bluebirdbio-qualitydocs.veevavault.com/ui/#object/quality_event__qdm/OP20000000TZ002
CA-016079,12-12-23 13:15,28-Feb-24,26-Jun-24,28-02-24 16:27,N/A,Pre-Implementation,QE-006884,26-Jun-24,https://bluebirdbio-qualitydocs.veevavault.com/ui/#object/change_action__qdm/OPA0000000W2004,https://bluebirdbio-qualitydocs.veevavault.com/ui/#object/quality_event__qdm/OP20000000TZ002
CA-016078,12-12-23 12:18,08-Feb-24,28-May-24,20-02-24 14:40,N/A,Pre-Implementation,QE-006893,28-May-24,https://bluebirdbio-qualitydocs.veevavault.com/ui/#object/change_action__qdm/OPA0000000W4002,https://bluebirdbio-qualitydocs.veevavault.com/ui/#object/quality_event__qdm/OP20000000U3005
CA-016077,12-12-23 12:17,08-Feb-24,28-May-24,20-02-24 14:40,N/A,Pre-Implementation,QE-006893,28-May-24,https://bluebirdbio-qualitydocs.veevavault.com/ui/#object/change_action__qdm/OPA0000000W3004,https://bluebirdbio-qualitydocs.veevavault.com/ui/#object/quality_event__qdm/OP20000000U3005
CA-016016,07-12-23 9:47,22-May-24,30-Apr-24,22-05-24 10:55,N/A,Pre-Implementation,QE-006873,30-May-24,https://bluebirdbio-qualitydocs.veevavault.com/ui/#object/change_action__qdm/OPA0000000VV001,https://bluebirdbio-qualitydocs.veevavault.com/ui/#object/quality_event__qdm/OP20000000TX003
CA-016015,07-12-23 9:46,08-Mar-24,30-Apr-24,08-03-24 9:28,N/A,Pre-Implementation,QE-006873,30-May-24,https://bluebirdbio-qualitydocs.veevavault.com/ui/#object/change_action__qdm/OPA0000000VU002,https://bluebirdbio-qualitydocs.veevavault.com/ui/#object/quality_event__qdm/OP20000000TX003
CA-016014,07-12-23 9:43,22-May-24,30-Apr-24,22-05-24 10:56,N/A,Pre-Implementation,QE-006873,30-May-24,https://bluebirdbio-qualitydocs.veevavault.com/ui/#object/change_action__qdm/OPA0000000VU001,https://bluebirdbio-qualitydocs.veevavault.com/ui/#object/quality_event__qdm/OP20000000TX003
CA-016001,06-12-23 13:12,20-Dec-23,15-Dec-23,20-12-23 15:17,N/A,Pre-Implementation,QE-006843,15-Dec-23,https://bluebirdbio-qualitydocs.veevavault.com/ui/#object/change_action__qdm/OPA0000000VP010,https://bluebirdbio-qualitydocs.veevavault.com/ui/#object/quality_event__qdm/OP20000000TQ012
CA-016000,06-12-23 13:10,19-Dec-23,18-Dec-23,19-12-23 12:08,N/A,Pre-Implementation,QE-006843,15-Dec-23,https://bluebirdbio-qualitydocs.veevavault.com/ui/#object/change_action__qdm/OPA0000000VR018,https://bluebirdbio-qualitydocs.veevavault.com/ui/#object/quality_event__qdm/OP20000000TQ012
CA-015976,04-12-23 22:43,19-Dec-23,19-Dec-23,19-12-23 14:41,,Pre-Implementation,QE-006843,15-Dec-23,https://bluebirdbio-qualitydocs.veevavault.com/ui/#object/change_action__qdm/OPA0000000VR006,https://bluebirdbio-qualitydocs.veevavault.com/ui/#object/quality_event__qdm/OP20000000TQ012
CA-015975,04-12-23 22:40,19-Dec-23,19-Dec-23,19-12-23 14:42,,Pre-Implementation,QE-006843,15-Dec-23,https://bluebirdbio-qualitydocs.veevavault.com/ui/#object/change_action__qdm/OPA0000000VQ009,https://bluebirdbio-qualitydocs.veevavault.com/ui/#object/quality_event__qdm/OP20000000TQ012
CA-015974,04-12-23 22:38,19-Dec-23,15-Dec-23,19-12-23 14:41,,Pre-Implementation,QE-006843,15-Dec-23,https://bluebirdbio-qualitydocs.veevavault.com/ui/#object/change_action__qdm/OPA0000000VQ008,https://bluebirdbio-qualitydocs.veevavault.com/ui/#object/quality_event__qdm/OP20000000TQ012
CA-015973,04-12-23 22:37,19-Dec-23,15-Dec-23,19-12-23 14:34,,Pre-Implementation,QE-006843,15-Dec-23,https://bluebirdbio-qualitydocs.veevavault.com/ui/#object/change_action__qdm/OPA0000000VQ007,https://bluebirdbio-qualitydocs.veevavault.com/ui/#object/quality_event__qdm/OP20000000TQ012
CA-015969,04-12-23 13:41,23-Apr-24,30-Apr-24,23-04-24 12:16,N/A,Pre-Implementation,QE-006872,30-Apr-24,https://bluebirdbio-qualitydocs.veevavault.com/ui/#object/change_action__qdm/OPA0000000VR005,https://bluebirdbio-qualitydocs.veevavault.com/ui/#object/quality_event__qdm/OP20000000TW005
CA-015968,04-12-23 13:40,23-Apr-24,30-Apr-24,23-04-24 8:52,N/A,Pre-Implementation,QE-006872,30-Apr-24,https://bluebirdbio-qualitydocs.veevavault.com/ui/#object/change_action__qdm/OPA0000000VR004,https://bluebirdbio-qualitydocs.veevavault.com/ui/#object/quality_event__qdm/OP20000000TW005
CA-015967,04-12-23 13:39,23-Apr-24,30-Apr-24,23-04-24 12:15,N/A,Pre-Implementation,QE-006872,30-Apr-24,https://bluebirdbio-qualitydocs.veevavault.com/ui/#object/change_action__qdm/OPA0000000VS007,https://bluebirdbio-qualitydocs.veevavault.com/ui/#object/quality_event__qdm/OP20000000TW005
CA-015944,30-11-23 15:03,30-Jan-24,30-Apr-24,30-01-24 14:04,N/A,Pre-Implementation,QE-006867,30-Apr-24,https://bluebirdbio-qualitydocs.veevavault.com/ui/#object/change_action__qdm/OPA0000000VO028,https://bluebirdbio-qualitydocs.veevavault.com/ui/#object/quality_event__qdm/OP20000000TW002
CA-015943,30-11-23 15:01,30-Jan-24,30-Apr-24,30-01-24 14:10,N/A,Pre-Implementation,QE-006867,30-Apr-24,https://bluebirdbio-qualitydocs.veevavault.com/ui/#object/change_action__qdm/OPA0000000VN033,https://bluebirdbio-qualitydocs.veevavault.com/ui/#object/quality_event__qdm/OP20000000TW002
CA-015942,30-11-23 14:32,30-Jan-24,30-Apr-24,30-01-24 14:08,N/A,Pre-Implementation,QE-006867,30-Apr-24,https://bluebirdbio-qualitydocs.veevavault.com/ui/#object/change_action__qdm/OPA0000000VO027,https://bluebirdbio-qualitydocs.veevavault.com/ui/#object/quality_event__qdm/OP20000000TW002
CA-015935,30-11-23 14:10,18-Jan-24,30-Apr-24,18-01-24 14:43,N/A,Pre-Implementation,QE-006868,30-Apr-24,https://bluebirdbio-qualitydocs.veevavault.com/ui/#object/change_action__qdm/OPA0000000VM035,https://bluebirdbio-qualitydocs.veevavault.com/ui/#object/quality_event__qdm/OP20000000TV002
CA-015934,30-11-23 14:08,18-Jan-24,30-Apr-24,18-01-24 14:39,N/A,Pre-Implementation,QE-006868,30-Apr-24,https://bluebirdbio-qualitydocs.veevavault.com/ui/#object/change_action__qdm/OPA0000000VM034,https://bluebirdbio-qualitydocs.veevavault.com/ui/#object/quality_event__qdm/OP20000000TV002
CA-015925,29-11-23 12:40,07-Mar-24,30-Apr-24,07-03-24 14:27,N/A,Pre-Implementation,QE-006878,30-Apr-24,https://bluebirdbio-qualitydocs.veevavault.com/ui/#object/change_action__qdm/OPA0000000VO023,https://bluebirdbio-qualitydocs.veevavault.com/ui/#object/quality_event__qdm/OP20000000TY001
CA-015924,29-11-23 12:38,07-Mar-24,30-Apr-24,07-03-24 14:29,N/A,Pre-Implementation,QE-006878,30-Apr-24,https://bluebirdbio-qualitydocs.veevavault.com/ui/#object/change_action__qdm/OPA0000000VO022,https://bluebirdbio-qualitydocs.veevavault.com/ui/#object/quality_event__qdm/OP20000000TY001
CA-015923,29-11-23 12:30,07-Mar-24,30-Apr-24,07-03-24 14:30,N/A,Pre-Implementation,QE-006878,30-Apr-24,https://bluebirdbio-qualitydocs.veevavault.com/ui/#object/change_action__qdm/OPA0000000VO021,https://bluebirdbio-qualitydocs.veevavault.com/ui/#object/quality_event__qdm/OP20000000TY001
CA-015922,29-11-23 12:26,07-Mar-24,30-Apr-24,07-03-24 14:25,N/A,Pre-Implementation,QE-006877,30-Apr-24,https://bluebirdbio-qualitydocs.veevavault.com/ui/#object/change_action__qdm/OPA0000000VO020,https://bluebirdbio-qualitydocs.veevavault.com/ui/#object/quality_event__qdm/OP20000000TW008
CA-015921,29-11-23 12:25,07-Mar-24,30-Apr-24,07-03-24 14:20,N/A,Pre-Implementation,QE-006877,30-Apr-24,https://bluebirdbio-qualitydocs.veevavault.com/ui/#object/change_action__qdm/OPA0000000VL055,https://bluebirdbio-qualitydocs.veevavault.com/ui/#object/quality_event__qdm/OP20000000TW008
CA-015920,29-11-23 12:23,07-Mar-24,30-Apr-24,07-03-24 14:19,N/A,Pre-Implementation,QE-006877,30-Apr-24,https://bluebirdbio-qualitydocs.veevavault.com/ui/#object/change_action__qdm/OPA0000000VN026,https://bluebirdbio-qualitydocs.veevavault.com/ui/#object/quality_event__qdm/OP20000000TW008
CA-015899,28-11-23 16:15,29-Jan-24,29-Feb-24,29-01-24 9:11,N/A,Pre-Implementation,QE-006876,29-Feb-24,https://bluebirdbio-qualitydocs.veevavault.com/ui/#object/change_action__qdm/OPA0000000VM025,https://bluebirdbio-qualitydocs.veevavault.com/ui/#object/quality_event__qdm/OP20000000TV003
CA-015898,28-11-23 16:14,24-Jan-24,29-Feb-24,24-01-24 9:38,N/A,Pre-Implementation,QE-006876,29-Feb-24,https://bluebirdbio-qualitydocs.veevavault.com/ui/#object/change_action__qdm/OPA0000000VL051,https://bluebirdbio-qualitydocs.veevavault.com/ui/#object/quality_event__qdm/OP20000000TV003
CA-015897,28-11-23 16:12,24-Jan-24,29-Feb-24,24-01-24 12:30,N/A,Pre-Implementation,QE-006876,29-Feb-24,https://bluebirdbio-qualitydocs.veevavault.com/ui/#object/change_action__qdm/OPA0000000VM024,https://bluebirdbio-qualitydocs.veevavault.com/ui/#object/quality_event__qdm/OP20000000TV003
CA-015896,28-11-23 15:51,01-Feb-24,29-Mar-24,13-06-24 16:50,N/A,Pre-Implementation,QE-006870,29-Mar-24,https://bluebirdbio-qualitydocs.veevavault.com/ui/#object/change_action__qdm/OPA0000000VN015,https://bluebirdbio-qualitydocs.veevavault.com/ui/#object/quality_event__qdm/OP20000000TW004
CA-015894,28-11-23 15:50,30-Jan-24,29-Mar-24,30-01-24 8:54,N/A,Pre-Implementation,QE-006870,29-Mar-24,https://bluebirdbio-qualitydocs.veevavault.com/ui/#object/change_action__qdm/OPA0000000VM023,https://bluebirdbio-qualitydocs.veevavault.com/ui/#object/quality_event__qdm/OP20000000TW004
CA-015893,28-11-23 15:48,01-Feb-24,29-Mar-24,13-06-24 16:50,N/A,Pre-Implementation,QE-006870,29-Mar-24,https://bluebirdbio-qualitydocs.veevavault.com/ui/#object/change_action__qdm/OPA0000000VM022,https://bluebirdbio-qualitydocs.veevavault.com/ui/#object/quality_event__qdm/OP20000000TW004
CA-015892,28-11-23 15:35,01-Feb-24,29-Mar-24,13-06-24 16:50,N/A,Pre-Implementation,QE-006869,29-Mar-24,https://bluebirdbio-qualitydocs.veevavault.com/ui/#object/change_action__qdm/OPA0000000VN014,https://bluebirdbio-qualitydocs.veevavault.com/ui/#object/quality_event__qdm/OP20000000TW003
CA-015891,28-11-23 15:32,29-Jan-24,29-Mar-24,29-01-24 10:24,N/A,Pre-Implementation,QE-006869,29-Mar-24,https://bluebirdbio-qualitydocs.veevavault.com/ui/#object/change_action__qdm/OPA0000000VL049,https://bluebirdbio-qualitydocs.veevavault.com/ui/#object/quality_event__qdm/OP20000000TW003
CA-015890,28-11-23 15:29,01-Feb-24,29-Mar-24,13-06-24 16:50,N/A,Pre-Implementation,QE-006869,29-Mar-24,https://bluebirdbio-qualitydocs.veevavault.com/ui/#object/change_action__qdm/OPA0000000VM021,https://bluebirdbio-qualitydocs.veevavault.com/ui/#object/quality_event__qdm/OP20000000TW003
CA-015882,27-11-23 18:55,02-Jan-24,12-Jan-24,27-03-24 9:56,,Pre-Implementation,QE-006838,01-Feb-24,https://bluebirdbio-qualitydocs.veevavault.com/ui/#object/change_action__qdm/OPA0000000VL048,https://bluebirdbio-qualitydocs.veevavault.com/ui/#object/quality_event__qdm/OP20000000TN013
CA-015881,27-11-23 18:54,02-Jan-24,08-Jan-24,27-03-24 9:59,,Pre-Implementation,QE-006838,01-Feb-24,https://bluebirdbio-qualitydocs.veevavault.com/ui/#object/change_action__qdm/OPA0000000VL047,https://bluebirdbio-qualitydocs.veevavault.com/ui/#object/quality_event__qdm/OP20000000TN013
CA-015806,20-11-23 10:10,12-Jan-24,15-Jan-24,12-01-24 9:49,N/A,Pre-Implementation,QE-006838,01-Feb-24,https://bluebirdbio-qualitydocs.veevavault.com/ui/#object/change_action__qdm/OPA0000000VL007,https://bluebirdbio-qualitydocs.veevavault.com/ui/#object/quality_event__qdm/OP20000000TN013
CA-015795,17-11-23 17:09,02-Feb-24,29-Mar-24,06-02-24 12:41,N/A,Pre-Implementation,QE-006860,29-Mar-24,https://bluebirdbio-qualitydocs.veevavault.com/ui/#object/change_action__qdm/OPA0000000VK047,https://bluebirdbio-qualitydocs.veevavault.com/ui/#object/quality_event__qdm/OP20000000TT006
CA-015794,17-11-23 17:06,02-Feb-24,29-Mar-24,06-02-24 12:41,N/A,Pre-Implementation,QE-006860,29-Mar-24,https://bluebirdbio-qualitydocs.veevavault.com/ui/#object/change_action__qdm/OPA0000000VK046,https://bluebirdbio-qualitydocs.veevavault.com/ui/#object/quality_event__qdm/OP20000000TT006
CA-015737,16-11-23 10:28,21-Dec-23,30-Apr-24,16-01-24 14:11,N/A,Pre-Implementation,QE-006856,30-Apr-24,https://bluebirdbio-qualitydocs.veevavault.com/ui/#object/change_action__qdm/OPA0000000VK041,https://bluebirdbio-qualitydocs.veevavault.com/ui/#object/quality_event__qdm/OP20000000TR003
CA-015736,16-11-23 10:26,21-Dec-23,30-Apr-24,16-01-24 14:11,N/A,Pre-Implementation,QE-006856,30-Apr-24,https://bluebirdbio-qualitydocs.veevavault.com/ui/#object/change_action__qdm/OPA0000000VK040,https://bluebirdbio-qualitydocs.veevavault.com/ui/#object/quality_event__qdm/OP20000000TR003
CA-015708,15-11-23 13:53,19-Jan-24,29-Feb-24,19-01-24 16:37,N/A,Pre-Implementation,QE-006849,29-Feb-24,https://bluebirdbio-qualitydocs.veevavault.com/ui/#object/change_action__qdm/OPA0000000VI032,https://bluebirdbio-qualitydocs.veevavault.com/ui/#object/quality_event__qdm/OP20000000TS002
CA-015707,15-11-23 13:52,19-Jan-24,29-Feb-24,19-01-24 16:41,N/A,Pre-Implementation,QE-006849,29-Feb-24,https://bluebirdbio-qualitydocs.veevavault.com/ui/#object/change_action__qdm/OPA0000000VI031,https://bluebirdbio-qualitydocs.veevavault.com/ui/#object/quality_event__qdm/OP20000000TS002
CA-015706,15-11-23 13:51,19-Jan-24,29-Feb-24,19-01-24 16:43,N/A,Pre-Implementation,QE-006849,29-Feb-24,https://bluebirdbio-qualitydocs.veevavault.com/ui/#object/change_action__qdm/OPA0000000VI030,https://bluebirdbio-qualitydocs.veevavault.com/ui/#object/quality_event__qdm/OP20000000TS002
CA-015705,15-11-23 13:41,23-Jan-24,29-Feb-24,23-01-24 16:47,N/A,Pre-Implementation,QE-006848,29-Feb-24,https://bluebirdbio-qualitydocs.veevavault.com/ui/#object/change_action__qdm/OPA0000000VH035,https://bluebirdbio-qualitydocs.veevavault.com/ui/#object/quality_event__qdm/OP20000000TR002
CA-015704,15-11-23 13:39,22-Jan-24,29-Feb-24,22-01-24 16:28,N/A,Pre-Implementation,QE-006848,29-Feb-24,https://bluebirdbio-qualitydocs.veevavault.com/ui/#object/change_action__qdm/OPA0000000VH034,https://bluebirdbio-qualitydocs.veevavault.com/ui/#object/quality_event__qdm/OP20000000TR002
CA-015703,15-11-23 13:38,23-Jan-24,29-Feb-24,23-01-24 12:06,N/A,Pre-Implementation,QE-006848,29-Feb-24,https://bluebirdbio-qualitydocs.veevavault.com/ui/#object/change_action__qdm/OPA0000000VH033,https://bluebirdbio-qualitydocs.veevavault.com/ui/#object/quality_event__qdm/OP20000000TR002
CA-015699,15-11-23 12:39,12-Feb-24,28-May-24,12-02-24 11:07,N/A,Pre-Implementation,QE-006833,28-May-24,https://bluebirdbio-qualitydocs.veevavault.com/ui/#object/change_action__qdm/OPA0000000VK029,https://bluebirdbio-qualitydocs.veevavault.com/ui/#object/quality_event__qdm/OP20000000TO006
CA-015698,15-11-23 12:37,09-Feb-24,28-May-24,09-02-24 16:11,N/A,Pre-Implementation,QE-006833,28-May-24,https://bluebirdbio-qualitydocs.veevavault.com/ui/#object/change_action__qdm/OPA0000000VK028,https://bluebirdbio-qualitydocs.veevavault.com/ui/#object/quality_event__qdm/OP20000000TO006
CA-015697,15-11-23 12:35,12-Feb-24,28-May-24,12-02-24 8:37,N/A,Pre-Implementation,QE-006833,28-May-24,https://bluebirdbio-qualitydocs.veevavault.com/ui/#object/change_action__qdm/OPA0000000VJ036,https://bluebirdbio-qualitydocs.veevavault.com/ui/#object/quality_event__qdm/OP20000000TO006
CA-015696,15-11-23 12:29,12-Feb-24,28-May-24,12-02-24 11:09,N/A,Pre-Implementation,QE-006832,28-May-24,https://bluebirdbio-qualitydocs.veevavault.com/ui/#object/change_action__qdm/OPA0000000VK027,https://bluebirdbio-qualitydocs.veevavault.com/ui/#object/quality_event__qdm/OP20000000TP004
CA-015695,15-11-23 12:26,09-Feb-24,28-May-24,09-02-24 16:09,N/A,Pre-Implementation,QE-006832,28-May-24,https://bluebirdbio-qualitydocs.veevavault.com/ui/#object/change_action__qdm/OPA0000000VH032,https://bluebirdbio-qualitydocs.veevavault.com/ui/#object/quality_event__qdm/OP20000000TP004
CA-015694,15-11-23 12:24,12-Feb-24,28-May-24,12-02-24 8:36,N/A,Pre-Implementation,QE-006832,28-May-24,https://bluebirdbio-qualitydocs.veevavault.com/ui/#object/change_action__qdm/OPA0000000VJ035,https://bluebirdbio-qualitydocs.veevavault.com/ui/#object/quality_event__qdm/OP20000000TP004
CA-015693,15-11-23 12:13,29-Mar-24,29-Apr-24,24-04-24 15:01,N/A,Pre-Implementation,QE-006830,29-Apr-24,https://bluebirdbio-qualitydocs.veevavault.com/ui/#object/change_action__qdm/OPA0000000VK026,https://bluebirdbio-qualitydocs.veevavault.com/ui/#object/quality_event__qdm/OP20000000TP003
CA-015692,15-11-23 12:11,29-Mar-24,29-Apr-24,24-04-24 15:01,N/A,Pre-Implementation,QE-006830,29-Apr-24,https://bluebirdbio-qualitydocs.veevavault.com/ui/#object/change_action__qdm/OPA0000000VK025,https://bluebirdbio-qualitydocs.veevavault.com/ui/#object/quality_event__qdm/OP20000000TP003
CA-015691,15-11-23 12:01,15-Feb-24,29-Apr-24,15-02-24 9:00,N/A,Pre-Implementation,QE-006829,29-Apr-24,https://bluebirdbio-qualitydocs.veevavault.com/ui/#object/change_action__qdm/OPA0000000VH031,https://bluebirdbio-qualitydocs.veevavault.com/ui/#object/quality_event__qdm/OP20000000TN007
CA-015690,15-11-23 12:00,20-Feb-24,29-Apr-24,20-02-24 10:16,N/A,Pre-Implementation,QE-006829,29-Apr-24,https://bluebirdbio-qualitydocs.veevavault.com/ui/#object/change_action__qdm/OPA0000000VI029,https://bluebirdbio-qualitydocs.veevavault.com/ui/#object/quality_event__qdm/OP20000000TN007
CA-015688,15-11-23 11:58,20-Feb-24,29-Apr-24,20-02-24 8:45,N/A,Pre-Implementation,QE-006829,29-Apr-24,https://bluebirdbio-qualitydocs.veevavault.com/ui/#object/change_action__qdm/OPA0000000VJ034,https://bluebirdbio-qualitydocs.veevavault.com/ui/#object/quality_event__qdm/OP20000000TN007
CA-015687,15-11-23 11:50,06-Jun-24,29-Apr-24,06-06-24 12:01,N/A,Pre-Implementation,QE-006828,29-Apr-24,https://bluebirdbio-qualitydocs.veevavault.com/ui/#object/change_action__qdm/OPA0000000VJ033,https://bluebirdbio-qualitydocs.veevavault.com/ui/#object/quality_event__qdm/OP20000000TO004
CA-015686,15-11-23 11:48,06-Jun-24,29-Apr-24,06-06-24 9:08,N/A,Pre-Implementation,QE-006828,29-Apr-24,https://bluebirdbio-qualitydocs.veevavault.com/ui/#object/change_action__qdm/OPA0000000VI028,https://bluebirdbio-qualitydocs.veevavault.com/ui/#object/quality_event__qdm/OP20000000TO004
CA-015684,15-11-23 11:47,06-Jun-24,29-Apr-24,06-06-24 11:54,N/A,Pre-Implementation,QE-006828,29-Apr-24,https://bluebirdbio-qualitydocs.veevavault.com/ui/#object/change_action__qdm/OPA0000000VI027,https://bluebirdbio-qualitydocs.veevavault.com/ui/#object/quality_event__qdm/OP20000000TO004
CA-015681,15-11-23 11:18,23-Feb-24,29-Apr-24,23-02-24 13:27,N/A,Pre-Implementation,QE-006821,29-Apr-24,https://bluebirdbio-qualitydocs.veevavault.com/ui/#object/change_action__qdm/OPA0000000VH026,https://bluebirdbio-qualitydocs.veevavault.com/ui/#object/quality_event__qdm/OP20000000TN002
CA-015680,15-11-23 11:14,23-Feb-24,29-Apr-24,23-02-24 14:55,N/A,Pre-Implementation,QE-006821,29-Apr-24,https://bluebirdbio-qualitydocs.veevavault.com/ui/#object/change_action__qdm/OPA0000000VJ032,https://bluebirdbio-qualitydocs.veevavault.com/ui/#object/quality_event__qdm/OP20000000TN002
CA-015677,15-11-23 10:53,15-Mar-24,29-Apr-24,15-03-24 9:48,N/A,Pre-Implementation,QE-006827,29-Apr-24,https://bluebirdbio-qualitydocs.veevavault.com/ui/#object/change_action__qdm/OPA0000000VK024,https://bluebirdbio-qualitydocs.veevavault.com/ui/#object/quality_event__qdm/OP20000000TN006
CA-015676,15-11-23 10:52,15-Mar-24,29-Apr-24,15-03-24 9:47,N/A,Pre-Implementation,QE-006827,29-Apr-24,https://bluebirdbio-qualitydocs.veevavault.com/ui/#object/change_action__qdm/OPA0000000VK023,https://bluebirdbio-qualitydocs.veevavault.com/ui/#object/quality_event__qdm/OP20000000TN006
CA-015661,14-11-23 15:10,02-Jan-24,15-Jan-24,02-01-24 14:51,N/A,Pre-Implementation,QE-006838,01-Feb-24,https://bluebirdbio-qualitydocs.veevavault.com/ui/#object/change_action__qdm/OPA0000000VH024,https://bluebirdbio-qualitydocs.veevavault.com/ui/#object/quality_event__qdm/OP20000000TN013
CA-015655,14-11-23 14:51,02-Feb-24,29-Apr-24,06-02-24 15:40,N/A,Pre-Implementation,QE-006824,29-Apr-24,https://bluebirdbio-qualitydocs.veevavault.com/ui/#object/change_action__qdm/OPA0000000VI019,https://bluebirdbio-qualitydocs.veevavault.com/ui/#object/quality_event__qdm/OP20000000TN005
CA-015654,14-11-23 14:50,02-Feb-24,29-Apr-24,06-02-24 15:40,N/A,Pre-Implementation,QE-006824,29-Apr-24,https://bluebirdbio-qualitydocs.veevavault.com/ui/#object/change_action__qdm/OPA0000000VI018,https://bluebirdbio-qualitydocs.veevavault.com/ui/#object/quality_event__qdm/OP20000000TN005
CA-015653,14-11-23 14:42,28-Feb-24,29-Apr-24,28-02-24 12:16,N/A,Pre-Implementation,QE-006823,29-Apr-24,https://bluebirdbio-qualitydocs.veevavault.com/ui/#object/change_action__qdm/OPA0000000VJ023,https://bluebirdbio-qualitydocs.veevavault.com/ui/#object/quality_event__qdm/OP20000000TQ002
CA-015652,14-11-23 14:41,28-Feb-24,29-Apr-24,28-02-24 12:15,N/A,Pre-Implementation,QE-006823,29-Apr-24,https://bluebirdbio-qualitydocs.veevavault.com/ui/#object/change_action__qdm/OPA0000000VJ022,https://bluebirdbio-qualitydocs.veevavault.com/ui/#object/quality_event__qdm/OP20000000TQ002
CA-015650,14-11-23 14:28,06-Mar-24,29-Apr-24,06-03-24 14:30,N/A,Pre-Implementation,QE-006822,29-Apr-24,https://bluebirdbio-qualitydocs.veevavault.com/ui/#object/change_action__qdm/OPA0000000VH022,https://bluebirdbio-qualitydocs.veevavault.com/ui/#object/quality_event__qdm/OP20000000TN003
CA-015649,14-11-23 14:27,06-Mar-24,29-Apr-24,06-03-24 13:12,N/A,Pre-Implementation,QE-006822,29-Apr-24,https://bluebirdbio-qualitydocs.veevavault.com/ui/#object/change_action__qdm/OPA0000000VH021,https://bluebirdbio-qualitydocs.veevavault.com/ui/#object/quality_event__qdm/OP20000000TN003
CA-015648,14-11-23 14:20,06-Mar-24,29-Apr-24,06-03-24 14:34,N/A,Pre-Implementation,QE-006820,29-Apr-24,https://bluebirdbio-qualitydocs.veevavault.com/ui/#object/change_action__qdm/OPA0000000VH020,https://bluebirdbio-qualitydocs.veevavault.com/ui/#object/quality_event__qdm/OP20000000TO002
CA-015647,14-11-23 14:19,06-Mar-24,29-Apr-24,06-03-24 13:13,N/A,Pre-Implementation,QE-006820,29-Apr-24,https://bluebirdbio-qualitydocs.veevavault.com/ui/#object/change_action__qdm/OPA0000000VH019,https://bluebirdbio-qualitydocs.veevavault.com/ui/#object/quality_event__qdm/OP20000000TO002
CA-015646,14-11-23 14:09,22-Dec-23,29-Apr-24,16-01-24 13:53,N/A,Pre-Implementation,QE-006819,29-Apr-24,https://bluebirdbio-qualitydocs.veevavault.com/ui/#object/change_action__qdm/OPA0000000VJ020,https://bluebirdbio-qualitydocs.veevavault.com/ui/#object/quality_event__qdm/OP20000000TJ003
CA-015645,14-11-23 14:08,22-Dec-23,29-Apr-24,16-01-24 13:53,N/A,Pre-Implementation,QE-006819,29-Apr-24,https://bluebirdbio-qualitydocs.veevavault.com/ui/#object/change_action__qdm/OPA0000000VJ019,https://bluebirdbio-qualitydocs.veevavault.com/ui/#object/quality_event__qdm/OP20000000TJ003
CA-015640,14-11-23 13:38,06-Jun-24,29-Apr-24,06-06-24 11:53,N/A,Pre-Implementation,QE-006815,29-Apr-24,https://bluebirdbio-qualitydocs.veevavault.com/ui/#object/change_action__qdm/OPA0000000VI017,https://bluebirdbio-qualitydocs.veevavault.com/ui/#object/quality_event__qdm/OP20000000TM001
CA-015639,14-11-23 13:36,06-Jun-24,29-Apr-24,06-06-24 9:06,N/A,Pre-Implementation,QE-006815,29-Apr-24,https://bluebirdbio-qualitydocs.veevavault.com/ui/#object/change_action__qdm/OPA0000000VI016,https://bluebirdbio-qualitydocs.veevavault.com/ui/#object/quality_event__qdm/OP20000000TM001
CA-015638,14-11-23 13:35,06-Jun-24,29-Apr-24,06-06-24 11:52,N/A,Pre-Implementation,QE-006815,29-Apr-24,https://bluebirdbio-qualitydocs.veevavault.com/ui/#object/change_action__qdm/OPA0000000VH018,https://bluebirdbio-qualitydocs.veevavault.com/ui/#object/quality_event__qdm/OP20000000TM001
CA-015599,13-11-23 11:23,02-Feb-24,15-Jan-24,02-02-24 13:43,N/A,Pre-Implementation,QE-006805,26-Jan-24,https://bluebirdbio-qualitydocs.veevavault.com/ui/#object/change_action__qdm/OPA0000000VH005,https://bluebirdbio-qualitydocs.veevavault.com/ui/#object/quality_event__qdm/OP20000000TF007
CA-015598,13-11-23 11:20,02-Feb-24,15-Jan-24,02-02-24 13:42,N/A,Pre-Implementation,QE-006805,26-Jan-24,https://bluebirdbio-qualitydocs.veevavault.com/ui/#object/change_action__qdm/OPA0000000VI006,https://bluebirdbio-qualitydocs.veevavault.com/ui/#object/quality_event__qdm/OP20000000TF007
CA-015590,13-11-23 10:33,31-Jan-24,29-Apr-24,31-01-24 11:40,N/A,Pre-Implementation,QE-006826,29-Apr-24,https://bluebirdbio-qualitydocs.veevavault.com/ui/#object/change_action__qdm/OPA0000000VH003,https://bluebirdbio-qualitydocs.veevavault.com/ui/#object/quality_event__qdm/OP20000000TP002
CA-015589,13-11-23 10:29,31-Jan-24,29-Apr-24,31-01-24 11:41,N/A,Pre-Implementation,QE-006826,29-Apr-24,https://bluebirdbio-qualitydocs.veevavault.com/ui/#object/change_action__qdm/OPA0000000VH002,https://bluebirdbio-qualitydocs.veevavault.com/ui/#object/quality_event__qdm/OP20000000TP002
CA-015588,13-11-23 10:26,31-Jan-24,29-Apr-24,31-01-24 11:39,N/A,Pre-Implementation,QE-006826,29-Apr-24,https://bluebirdbio-qualitydocs.veevavault.com/ui/#object/change_action__qdm/OPA0000000VJ008,https://bluebirdbio-qualitydocs.veevavault.com/ui/#object/quality_event__qdm/OP20000000TP002
CA-015569,09-11-23 18:44,29-Jan-24,29-Apr-24,29-01-24 9:31,N/A,Pre-Implementation,QE-006831,29-Apr-24,https://bluebirdbio-qualitydocs.veevavault.com/ui/#object/change_action__qdm/OPA0000000VE040,https://bluebirdbio-qualitydocs.veevavault.com/ui/#object/quality_event__qdm/OP20000000TQ006
CA-015568,09-11-23 18:43,29-Jan-24,29-Apr-24,29-01-24 9:30,N/A,Pre-Implementation,QE-006831,29-Apr-24,https://bluebirdbio-qualitydocs.veevavault.com/ui/#object/change_action__qdm/OPA0000000VE039,https://bluebirdbio-qualitydocs.veevavault.com/ui/#object/quality_event__qdm/OP20000000TQ006
CA-015567,09-11-23 18:42,29-Jan-24,29-Apr-24,29-01-24 9:29,N/A,Pre-Implementation,QE-006831,29-Apr-24,https://bluebirdbio-qualitydocs.veevavault.com/ui/#object/change_action__qdm/OPA0000000VE038,https://bluebirdbio-qualitydocs.veevavault.com/ui/#object/quality_event__qdm/OP20000000TQ006
CA-015566,09-11-23 18:34,22-Jan-24,29-Mar-24,22-01-24 13:35,N/A,Pre-Implementation,QE-006800,29-Mar-24,https://bluebirdbio-qualitydocs.veevavault.com/ui/#object/change_action__qdm/OPA0000000VE037,https://bluebirdbio-qualitydocs.veevavault.com/ui/#object/quality_event__qdm/OP20000000TI001
CA-015565,09-11-23 18:32,29-Jan-24,29-Mar-24,29-01-24 9:19,N/A,Pre-Implementation,QE-006800,29-Mar-24,https://bluebirdbio-qualitydocs.veevavault.com/ui/#object/change_action__qdm/OPA0000000VE036,https://bluebirdbio-qualitydocs.veevavault.com/ui/#object/quality_event__qdm/OP20000000TI001
CA-015564,09-11-23 18:30,22-Jan-24,29-Mar-24,22-01-24 13:33,N/A,Pre-Implementation,QE-006800,29-Mar-24,https://bluebirdbio-qualitydocs.veevavault.com/ui/#object/change_action__qdm/OPA0000000VE035,https://bluebirdbio-qualitydocs.veevavault.com/ui/#object/quality_event__qdm/OP20000000TI001
CA-015411,31-10-23 10:52,15-Feb-24,29-Feb-24,15-02-24 8:57,N/A,Pre-Implementation,QE-006772,29-Feb-24,https://bluebirdbio-qualitydocs.veevavault.com/ui/#object/change_action__qdm/OPA0000000VC021,https://bluebirdbio-qualitydocs.veevavault.com/ui/#object/quality_event__qdm/OP20000000T9001
CA-015410,31-10-23 10:50,20-Feb-24,29-Feb-24,20-02-24 9:47,N/A,Pre-Implementation,QE-006772,29-Feb-24,https://bluebirdbio-qualitydocs.veevavault.com/ui/#object/change_action__qdm/OPA0000000VB013,https://bluebirdbio-qualitydocs.veevavault.com/ui/#object/quality_event__qdm/OP20000000T9001
CA-015409,31-10-23 10:47,20-Feb-24,29-Feb-24,20-02-24 8:42,N/A,Pre-Implementation,QE-006772,29-Feb-24,https://bluebirdbio-qualitydocs.veevavault.com/ui/#object/change_action__qdm/OPA0000000VB012,https://bluebirdbio-qualitydocs.veevavault.com/ui/#object/quality_event__qdm/OP20000000T9001
CA-015407,31-10-23 10:34,15-May-24,29-Feb-24,15-05-24 10:46,N/A,Pre-Implementation,QE-006774,29-Apr-24,https://bluebirdbio-qualitydocs.veevavault.com/ui/#object/change_action__qdm/OPA0000000VB011,https://bluebirdbio-qualitydocs.veevavault.com/ui/#object/quality_event__qdm/OP20000000TA001
CA-015406,31-10-23 10:31,15-May-24,29-Feb-24,15-05-24 10:47,N/A,Pre-Implementation,QE-006774,29-Apr-24,https://bluebirdbio-qualitydocs.veevavault.com/ui/#object/change_action__qdm/OPA0000000VA013,https://bluebirdbio-qualitydocs.veevavault.com/ui/#object/quality_event__qdm/OP20000000TA001
CA-015405,31-10-23 10:29,15-May-24,29-Feb-24,15-05-24 10:44,N/A,Pre-Implementation,QE-006774,29-Apr-24,https://bluebirdbio-qualitydocs.veevavault.com/ui/#object/change_action__qdm/OPA0000000VC020,https://bluebirdbio-qualitydocs.veevavault.com/ui/#object/quality_event__qdm/OP20000000TA001
CA-015404,31-10-23 10:17,29-Apr-24,29-Feb-24,15-05-24 10:11,N/A,Pre-Implementation,QE-006773,29-Feb-24,https://bluebirdbio-qualitydocs.veevavault.com/ui/#object/change_action__qdm/OPA0000000VB010,https://bluebirdbio-qualitydocs.veevavault.com/ui/#object/quality_event__qdm/OP20000000T9003
CA-015403,31-10-23 10:15,25-Apr-24,29-Feb-24,25-04-24 9:19,N/A,Pre-Implementation,QE-006773,29-Feb-24,https://bluebirdbio-qualitydocs.veevavault.com/ui/#object/change_action__qdm/OPA0000000V9014,https://bluebirdbio-qualitydocs.veevavault.com/ui/#object/quality_event__qdm/OP20000000T9003
CA-015401,31-10-23 10:12,25-Apr-24,29-Feb-24,15-05-24 10:11,N/A,Pre-Implementation,QE-006773,29-Feb-24,https://bluebirdbio-qualitydocs.veevavault.com/ui/#object/change_action__qdm/OPA0000000VA012,https://bluebirdbio-qualitydocs.veevavault.com/ui/#object/quality_event__qdm/OP20000000T9003
CA-015396,31-10-23 10:02,12-Mar-24,30-Apr-24,12-03-24 15:52,N/A,Pre-Implementation,QE-006770,30-Apr-24,https://bluebirdbio-qualitydocs.veevavault.com/ui/#object/change_action__qdm/OPA0000000VC018,https://bluebirdbio-qualitydocs.veevavault.com/ui/#object/quality_event__qdm/OP20000000T5003
CA-015395,31-10-23 10:00,12-Mar-24,30-Apr-24,23-04-24 11:30,N/A,Pre-Implementation,QE-006770,30-Apr-24,https://bluebirdbio-qualitydocs.veevavault.com/ui/#object/change_action__qdm/OPA0000000VC017,https://bluebirdbio-qualitydocs.veevavault.com/ui/#object/quality_event__qdm/OP20000000T5003
CA-015393,31-10-23 9:50,11-Mar-24,30-May-24,22-05-24 10:51,N/A,Pre-Implementation,QE-006736,30-Apr-24,https://bluebirdbio-qualitydocs.veevavault.com/ui/#object/change_action__qdm/OPA0000000V9008,https://bluebirdbio-qualitydocs.veevavault.com/ui/#object/quality_event__qdm/OP20000000SQ001
CA-015390,31-10-23 9:47,06-Mar-24,30-May-24,06-03-24 13:20,N/A,Pre-Implementation,QE-006736,30-Apr-24,https://bluebirdbio-qualitydocs.veevavault.com/ui/#object/change_action__qdm/OPA0000000VA011,https://bluebirdbio-qualitydocs.veevavault.com/ui/#object/quality_event__qdm/OP20000000SQ001
CA-015387,31-10-23 9:30,11-Mar-24,30-May-24,22-05-24 10:51,N/A,Pre-Implementation,QE-006736,30-Apr-24,https://bluebirdbio-qualitydocs.veevavault.com/ui/#object/change_action__qdm/OPA0000000VC016,https://bluebirdbio-qualitydocs.veevavault.com/ui/#object/quality_event__qdm/OP20000000SQ001
CA-015375,30-10-23 12:38,24-Jan-24,21-Nov-23,24-01-24 16:25,N/A,Pre-Implementation,QE-006794,21-Nov-23,https://bluebirdbio-qualitydocs.veevavault.com/ui/#object/change_action__qdm/OPA0000000VC007,https://bluebirdbio-qualitydocs.veevavault.com/ui/#object/quality_event__qdm/OP20000000TB009
CA-015374,30-10-23 12:36,24-Jan-24,21-Nov-23,24-01-24 16:25,N/A,Pre-Implementation,QE-006794,21-Nov-23,https://bluebirdbio-qualitydocs.veevavault.com/ui/#object/change_action__qdm/OPA0000000VC006,https://bluebirdbio-qualitydocs.veevavault.com/ui/#object/quality_event__qdm/OP20000000TB009
CA-015373,30-10-23 12:27,24-Jan-24,21-Nov-23,24-01-24 16:21,N/A,Pre-Implementation,QE-006793,21-Nov-23,https://bluebirdbio-qualitydocs.veevavault.com/ui/#object/change_action__qdm/OPA0000000VB005,https://bluebirdbio-qualitydocs.veevavault.com/ui/#object/quality_event__qdm/OP20000000TB008
CA-015372,30-10-23 12:24,24-Jan-24,21-Nov-23,24-01-24 16:21,N/A,Pre-Implementation,QE-006793,21-Nov-23,https://bluebirdbio-qualitydocs.veevavault.com/ui/#object/change_action__qdm/OPA0000000V9004,https://bluebirdbio-qualitydocs.veevavault.com/ui/#object/quality_event__qdm/OP20000000TB008
CA-015371,30-10-23 12:04,12-Jan-24,30-Apr-24,30-01-24 9:23,N/A,Pre-Implementation,QE-006762,30-Apr-24,https://bluebirdbio-qualitydocs.veevavault.com/ui/#object/change_action__qdm/OPA0000000VB004,https://bluebirdbio-qualitydocs.veevavault.com/ui/#object/quality_event__qdm/OP20000000T5001
CA-015370,30-10-23 11:57,11-Jan-24,29-Apr-24,11-01-24 8:48,N/A,Pre-Implementation,QE-006762,30-Apr-24,https://bluebirdbio-qualitydocs.veevavault.com/ui/#object/change_action__qdm/OPA0000000VC005,https://bluebirdbio-qualitydocs.veevavault.com/ui/#object/quality_event__qdm/OP20000000T5001
CA-015369,30-10-23 11:55,12-Jan-24,30-Apr-24,30-01-24 9:23,N/A,Pre-Implementation,QE-006762,30-Apr-24,https://bluebirdbio-qualitydocs.veevavault.com/ui/#object/change_action__qdm/OPA0000000VA007,https://bluebirdbio-qualitydocs.veevavault.com/ui/#object/quality_event__qdm/OP20000000T5001
CA-015368,30-10-23 11:20,08-Jan-24,29-Mar-24,08-01-24 8:47,,Pre-Implementation,QE-006799,29-Mar-24,https://bluebirdbio-qualitydocs.veevavault.com/ui/#object/change_action__qdm/OPA0000000VA006,https://bluebirdbio-qualitydocs.veevavault.com/ui/#object/quality_event__qdm/OP20000000TG003
CA-015367,30-10-23 11:17,08-Jan-24,29-Mar-24,08-01-24 9:47,,Pre-Implementation,QE-006799,29-Mar-24,https://bluebirdbio-qualitydocs.veevavault.com/ui/#object/change_action__qdm/OPA0000000VB003,https://bluebirdbio-qualitydocs.veevavault.com/ui/#object/quality_event__qdm/OP20000000TG003
CA-015361,26-10-23 17:20,31-Jan-24,30-Apr-24,31-01-24 14:33,,Pre-Implementation,QE-006753,30-Apr-24,https://bluebirdbio-qualitydocs.veevavault.com/ui/#object/change_action__qdm/OPA0000000VC004,https://bluebirdbio-qualitydocs.veevavault.com/ui/#object/quality_event__qdm/OP20000000SY003
CA-015360,26-10-23 17:19,31-Jan-24,30-Apr-24,31-01-24 11:57,,Pre-Implementation,QE-006753,30-Apr-24,https://bluebirdbio-qualitydocs.veevavault.com/ui/#object/change_action__qdm/OPA0000000VC003,https://bluebirdbio-qualitydocs.veevavault.com/ui/#object/quality_event__qdm/OP20000000SY003
CA-015359,26-10-23 17:18,31-Jan-24,30-Apr-24,31-01-24 14:32,,Pre-Implementation,QE-006753,30-Apr-24,https://bluebirdbio-qualitydocs.veevavault.com/ui/#object/change_action__qdm/OPA0000000VC002,https://bluebirdbio-qualitydocs.veevavault.com/ui/#object/quality_event__qdm/OP20000000SY003
CA-015358,26-10-23 17:17,31-Jan-24,30-Apr-24,31-01-24 10:30,,Pre-Implementation,QE-006753,30-Apr-24,https://bluebirdbio-qualitydocs.veevavault.com/ui/#object/change_action__qdm/OPA0000000VC001,https://bluebirdbio-qualitydocs.veevavault.com/ui/#object/quality_event__qdm/OP20000000SY003
CA-015296,11-10-23 18:11,01-Dec-23,20-Oct-23,27-03-24 9:59,,Pre-Implementation,QE-006590,20-Nov-23,https://bluebirdbio-qualitydocs.veevavault.com/ui/#object/change_action__qdm/OPA0000000UX008,https://bluebirdbio-qualitydocs.veevavault.com/ui/#object/quality_event__qdm/OP20000000RE002
CA-015255,04-10-23 10:55,24-Oct-23,13-Oct-23,24-10-23 11:24,,Pre-Implementation,QE-006534,23-Oct-23,https://bluebirdbio-qualitydocs.veevavault.com/ui/#object/change_action__qdm/OPA0000000UP017,https://bluebirdbio-qualitydocs.veevavault.com/ui/#object/quality_event__qdm/OP20000000QY006
CA-015252,03-10-23 17:25,22-Dec-23,29-Feb-24,23-01-24 11:29,,Pre-Implementation,QE-006726,29-Feb-24,https://bluebirdbio-qualitydocs.veevavault.com/ui/#object/change_action__qdm/OPA0000000UQ012,https://bluebirdbio-qualitydocs.veevavault.com/ui/#object/quality_event__qdm/OP20000000SK003
CA-015251,03-10-23 17:18,22-Dec-23,29-Feb-24,23-01-24 11:29,,Pre-Implementation,QE-006726,29-Feb-24,https://bluebirdbio-qualitydocs.veevavault.com/ui/#object/change_action__qdm/OPA0000000UP015,https://bluebirdbio-qualitydocs.veevavault.com/ui/#object/quality_event__qdm/OP20000000SK003
CA-015250,03-10-23 17:09,22-Dec-23,29-Feb-24,22-12-23 17:52,,Pre-Implementation,QE-006726,29-Feb-24,https://bluebirdbio-qualitydocs.veevavault.com/ui/#object/change_action__qdm/OPA0000000UR011,https://bluebirdbio-qualitydocs.veevavault.com/ui/#object/quality_event__qdm/OP20000000SK003
CA-015249,03-10-23 17:07,22-Dec-23,29-Feb-24,23-01-24 11:29,,Pre-Implementation,QE-006726,29-Feb-24,https://bluebirdbio-qualitydocs.veevavault.com/ui/#object/change_action__qdm/OPA0000000UQ011,https://bluebirdbio-qualitydocs.veevavault.com/ui/#object/quality_event__qdm/OP20000000SK003
CA-015248,03-10-23 16:54,04-Jan-24,29-Feb-24,19-01-24 15:39,,Pre-Implementation,QE-006724,29-Feb-24,https://bluebirdbio-qualitydocs.veevavault.com/ui/#object/change_action__qdm/OPA0000000UP014,https://bluebirdbio-qualitydocs.veevavault.com/ui/#object/quality_event__qdm/OP20000000SL006
CA-015247,03-10-23 16:50,04-Jan-24,29-Feb-24,19-01-24 15:39,,Pre-Implementation,QE-006724,29-Feb-24,https://bluebirdbio-qualitydocs.veevavault.com/ui/#object/change_action__qdm/OPA0000000UQ010,https://bluebirdbio-qualitydocs.veevavault.com/ui/#object/quality_event__qdm/OP20000000SL006
CA-015246,03-10-23 16:43,22-Dec-23,29-Feb-24,22-12-23 9:40,,Pre-Implementation,QE-006724,29-Feb-24,https://bluebirdbio-qualitydocs.veevavault.com/ui/#object/change_action__qdm/OPA0000000UR010,https://bluebirdbio-qualitydocs.veevavault.com/ui/#object/quality_event__qdm/OP20000000SL006
CA-015245,03-10-23 16:32,04-Jan-24,29-Feb-24,19-01-24 15:39,,Pre-Implementation,QE-006724,29-Feb-24,https://bluebirdbio-qualitydocs.veevavault.com/ui/#object/change_action__qdm/OPA0000000UP013,https://bluebirdbio-qualitydocs.veevavault.com/ui/#object/quality_event__qdm/OP20000000SL006
CA-015244,03-10-23 15:30,24-Oct-23,16-Oct-23,24-10-23 11:17,,Pre-Implementation,QE-006534,23-Oct-23,https://bluebirdbio-qualitydocs.veevavault.com/ui/#object/change_action__qdm/OPA0000000US015,https://bluebirdbio-qualitydocs.veevavault.com/ui/#object/quality_event__qdm/OP20000000QY006
CA-015243,03-10-23 15:28,24-Oct-23,06-Oct-23,24-10-23 11:15,,Pre-Implementation,QE-006534,23-Oct-23,https://bluebirdbio-qualitydocs.veevavault.com/ui/#object/change_action__qdm/OPA0000000UQ009,https://bluebirdbio-qualitydocs.veevavault.com/ui/#object/quality_event__qdm/OP20000000QY006
CA-015235,03-10-23 13:00,24-Oct-23,06-Oct-23,24-10-23 11:14,,Pre-Implementation,QE-006534,23-Oct-23,https://bluebirdbio-qualitydocs.veevavault.com/ui/#object/change_action__qdm/OPA0000000UQ007,https://bluebirdbio-qualitydocs.veevavault.com/ui/#object/quality_event__qdm/OP20000000QY006
CA-015234,03-10-23 12:12,04-Jan-24,29-Feb-24,24-01-24 11:47,,Pre-Implementation,QE-006725,29-Feb-24,https://bluebirdbio-qualitydocs.veevavault.com/ui/#object/change_action__qdm/OPA0000000UP010,https://bluebirdbio-qualitydocs.veevavault.com/ui/#object/quality_event__qdm/OP20000000SM008
CA-015233,03-10-23 12:10,04-Jan-24,29-Feb-24,24-01-24 11:47,,Pre-Implementation,QE-006725,29-Feb-24,https://bluebirdbio-qualitydocs.veevavault.com/ui/#object/change_action__qdm/OPA0000000UR007,https://bluebirdbio-qualitydocs.veevavault.com/ui/#object/quality_event__qdm/OP20000000SM008
CA-015232,03-10-23 12:00,28-Dec-23,29-Feb-24,28-12-23 8:37,,Pre-Implementation,QE-006725,29-Feb-24,https://bluebirdbio-qualitydocs.veevavault.com/ui/#object/change_action__qdm/OPA0000000UR006,https://bluebirdbio-qualitydocs.veevavault.com/ui/#object/quality_event__qdm/OP20000000SM008
CA-015230,03-10-23 11:30,04-Jan-24,29-Feb-24,24-01-24 11:47,,Pre-Implementation,QE-006725,29-Feb-24,https://bluebirdbio-qualitydocs.veevavault.com/ui/#object/change_action__qdm/OPA0000000UR005,https://bluebirdbio-qualitydocs.veevavault.com/ui/#object/quality_event__qdm/OP20000000SM008
CA-015155,21-09-23 17:22,22-Feb-24,29-Mar-24,22-02-24 11:14,,Pre-Implementation,QE-006737,29-Mar-24,https://bluebirdbio-qualitydocs.veevavault.com/ui/#object/change_action__qdm/OPA0000000UM009,https://bluebirdbio-qualitydocs.veevavault.com/ui/#object/quality_event__qdm/OP20000000SR001
CA-015154,21-09-23 17:22,20-Feb-24,29-Mar-24,13-06-24 14:23,,Pre-Implementation,QE-006737,29-Mar-24,https://bluebirdbio-qualitydocs.veevavault.com/ui/#object/change_action__qdm/OPA0000000UN005,https://bluebirdbio-qualitydocs.veevavault.com/ui/#object/quality_event__qdm/OP20000000SR001
CA-015153,21-09-23 16:44,13-Nov-23,30-Nov-23,21-02-24 8:27,,Pre-Implementation,QE-006735,30-Nov-23,https://bluebirdbio-qualitydocs.veevavault.com/ui/#object/change_action__qdm/OPA0000000UM008,https://bluebirdbio-qualitydocs.veevavault.com/ui/#object/quality_event__qdm/OP20000000SP001
CA-015152,21-09-23 16:40,13-Nov-23,30-Nov-23,21-02-24 8:27,,Pre-Implementation,QE-006735,30-Nov-23,https://bluebirdbio-qualitydocs.veevavault.com/ui/#object/change_action__qdm/OPA0000000UM007,https://bluebirdbio-qualitydocs.veevavault.com/ui/#object/quality_event__qdm/OP20000000SP001
CA-015151,21-09-23 16:38,30-Oct-23,30-Nov-23,30-10-23 16:46,,Pre-Implementation,QE-006735,30-Nov-23,https://bluebirdbio-qualitydocs.veevavault.com/ui/#object/change_action__qdm/OPA0000000UL008,https://bluebirdbio-qualitydocs.veevavault.com/ui/#object/quality_event__qdm/OP20000000SP001
CA-015150,21-09-23 16:37,13-Nov-23,30-Nov-23,21-02-24 8:27,,Pre-Implementation,QE-006735,30-Nov-23,https://bluebirdbio-qualitydocs.veevavault.com/ui/#object/change_action__qdm/OPA0000000UO002,https://bluebirdbio-qualitydocs.veevavault.com/ui/#object/quality_event__qdm/OP20000000SP001
CA-015128,20-09-23 14:52,13-Dec-23,30-Nov-23,13-12-23 13:42,,Pre-Implementation,QE-006707,31-Jan-24,https://bluebirdbio-qualitydocs.veevavault.com/ui/#object/change_action__qdm/OPA0000000UI014,https://bluebirdbio-qualitydocs.veevavault.com/ui/#object/quality_event__qdm/OP20000000SG002
CA-015127,20-09-23 14:50,08-Dec-23,30-Nov-23,21-03-24 9:01,,Pre-Implementation,QE-006707,31-Jan-24,https://bluebirdbio-qualitydocs.veevavault.com/ui/#object/change_action__qdm/OPA0000000UJ015,https://bluebirdbio-qualitydocs.veevavault.com/ui/#object/quality_event__qdm/OP20000000SG002
CA-015053,13-09-23 12:42,21-Nov-23,22-Dec-23,21-11-23 18:10,,Pre-Implementation,QE-006705,31-Dec-23,https://bluebirdbio-qualitydocs.veevavault.com/ui/#object/change_action__qdm/OPA0000000U9005,https://bluebirdbio-qualitydocs.veevavault.com/ui/#object/quality_event__qdm/OP20000000SG001
CA-015052,13-09-23 12:40,20-Nov-23,22-Dec-23,18-01-24 11:31,,Pre-Implementation,QE-006705,31-Dec-23,https://bluebirdbio-qualitydocs.veevavault.com/ui/#object/change_action__qdm/OPA0000000U9004,https://bluebirdbio-qualitydocs.veevavault.com/ui/#object/quality_event__qdm/OP20000000SG001
CA-014943,08-08-23 15:46,14-Nov-23,29-Sep-23,27-03-24 9:56,n/a,Pre-Implementation,QE-006616,30-Nov-23,https://bluebirdbio-qualitydocs.veevavault.com/ui/#object/change_action__qdm/OPA0000000TQ032,https://bluebirdbio-qualitydocs.veevavault.com/ui/#object/quality_event__qdm/OP20000000RR003
CA-014942,08-08-23 15:42,14-Nov-23,29-Sep-23,27-03-24 9:59,n/a,Pre-Implementation,QE-006616,30-Nov-23,https://bluebirdbio-qualitydocs.veevavault.com/ui/#object/change_action__qdm/OPA0000000TP030,https://bluebirdbio-qualitydocs.veevavault.com/ui/#object/quality_event__qdm/OP20000000RR003
CA-014920,04-08-23 11:13,13-Dec-23,31-Dec-23,13-12-23 11:38,,Pre-Implementation,QE-006630,31-Jan-24,https://bluebirdbio-qualitydocs.veevavault.com/ui/#object/change_action__qdm/OPA0000000TO018,https://bluebirdbio-qualitydocs.veevavault.com/ui/#object/quality_event__qdm/OP20000000RY001
CA-014919,04-08-23 11:10,13-Dec-23,31-Dec-23,13-12-23 11:32,,Pre-Implementation,QE-006630,31-Jan-24,https://bluebirdbio-qualitydocs.veevavault.com/ui/#object/change_action__qdm/OPA0000000TQ028,https://bluebirdbio-qualitydocs.veevavault.com/ui/#object/quality_event__qdm/OP20000000RY001
CA-014918,04-08-23 11:04,03-Oct-23,31-Dec-23,03-10-23 10:57,,Pre-Implementation,QE-006629,31-Jan-24,https://bluebirdbio-qualitydocs.veevavault.com/ui/#object/change_action__qdm/OPA0000000TQ027,https://bluebirdbio-qualitydocs.veevavault.com/ui/#object/quality_event__qdm/OP20000000RX001
CA-014917,04-08-23 11:02,27-Sep-23,31-Dec-23,06-03-24 10:00,,Pre-Implementation,QE-006629,31-Jan-24,https://bluebirdbio-qualitydocs.veevavault.com/ui/#object/change_action__qdm/OPA0000000TQ026,https://bluebirdbio-qualitydocs.veevavault.com/ui/#object/quality_event__qdm/OP20000000RX001
CA-014893,02-08-23 18:39,30-Oct-23,18-Oct-23,30-10-23 14:45,,Pre-Implementation,QE-006534,23-Oct-23,https://bluebirdbio-qualitydocs.veevavault.com/ui/#object/change_action__qdm/OPA0000000TP016,https://bluebirdbio-qualitydocs.veevavault.com/ui/#object/quality_event__qdm/OP20000000QY006
CA-014892,02-08-23 18:37,30-Oct-23,18-Oct-23,11-01-24 16:04,,Pre-Implementation,QE-006534,23-Oct-23,https://bluebirdbio-qualitydocs.veevavault.com/ui/#object/change_action__qdm/OPA0000000TP015,https://bluebirdbio-qualitydocs.veevavault.com/ui/#object/quality_event__qdm/OP20000000QY006
CA-014891,02-08-23 18:35,03-Oct-23,31-Aug-23,03-10-23 9:39,,Pre-Implementation,QE-006534,23-Oct-23,https://bluebirdbio-qualitydocs.veevavault.com/ui/#object/change_action__qdm/OPA0000000TQ016,https://bluebirdbio-qualitydocs.veevavault.com/ui/#object/quality_event__qdm/OP20000000QY006
CA-014890,02-08-23 18:29,25-Oct-23,31-Aug-23,22-05-24 10:12,,Pre-Implementation,QE-006534,23-Oct-23,https://bluebirdbio-qualitydocs.veevavault.com/ui/#object/change_action__qdm/OPA0000000TQ015,https://bluebirdbio-qualitydocs.veevavault.com/ui/#object/quality_event__qdm/OP20000000QY006
CA-014875,02-08-23 12:10,22-Jan-24,31-Jan-24,28-03-24 11:59,,Post-Implementation,QE-006613,20-Dec-23,https://bluebirdbio-qualitydocs.veevavault.com/ui/#object/change_action__qdm/OPA0000000TR011,https://bluebirdbio-qualitydocs.veevavault.com/ui/#object/quality_event__qdm/OP20000000RQ002
CA-014874,02-08-23 11:59,08-Aug-23,,08-08-23 12:28,,Pre-Implementation,QE-006616,30-Nov-23,https://bluebirdbio-qualitydocs.veevavault.com/ui/#object/change_action__qdm/OPA0000000TO006,https://bluebirdbio-qualitydocs.veevavault.com/ui/#object/quality_event__qdm/OP20000000RR003
CA-014865,01-08-23 17:11,04-Dec-23,16-Oct-23,04-12-23 13:49,,Pre-Implementation,QE-006612,08-Dec-23,https://bluebirdbio-qualitydocs.veevavault.com/ui/#object/change_action__qdm/OPA0000000TP007,https://bluebirdbio-qualitydocs.veevavault.com/ui/#object/quality_event__qdm/OP20000000RQ001
CA-014810,24-07-23 15:53,14-Dec-23,20-Oct-23,06-06-24 9:20,,Pre-Implementation,QE-006590,20-Nov-23,https://bluebirdbio-qualitydocs.veevavault.com/ui/#object/change_action__qdm/OPA0000000TL004,https://bluebirdbio-qualitydocs.veevavault.com/ui/#object/quality_event__qdm/OP20000000RE002
CA-014808,24-07-23 14:50,16-Nov-23,22-Nov-23,16-11-23 11:57,,Pre-Implementation,QE-006613,20-Dec-23,https://bluebirdbio-qualitydocs.veevavault.com/ui/#object/change_action__qdm/OPA0000000TN003,https://bluebirdbio-qualitydocs.veevavault.com/ui/#object/quality_event__qdm/OP20000000RQ002
CA-014807,24-07-23 14:49,16-Nov-23,22-Nov-23,16-11-23 11:57,,Pre-Implementation,QE-006613,20-Dec-23,https://bluebirdbio-qualitydocs.veevavault.com/ui/#object/change_action__qdm/OPA0000000TN002,https://bluebirdbio-qualitydocs.veevavault.com/ui/#object/quality_event__qdm/OP20000000RQ002
CA-014805,24-07-23 14:36,29-Jan-24,31-Jan-24,29-01-24 13:48,,Post-Implementation,QE-006613,20-Dec-23,https://bluebirdbio-qualitydocs.veevavault.com/ui/#object/change_action__qdm/OPA0000000TM001,https://bluebirdbio-qualitydocs.veevavault.com/ui/#object/quality_event__qdm/OP20000000RQ002
CA-014758,12-07-23 14:51,19-Sep-23,22-Sep-23,19-09-23 10:50,,Pre-Implementation,QE-006587,20-Jul-23,https://bluebirdbio-qualitydocs.veevavault.com/ui/#object/change_action__qdm/OPA0000000TD007,https://bluebirdbio-qualitydocs.veevavault.com/ui/#object/quality_event__qdm/OP20000000RB005
CA-014750,11-07-23 11:58,19-Sep-23,31-Dec-23,19-09-23 14:23,,Pre-Implementation,QE-006604,31-Jan-24,https://bluebirdbio-qualitydocs.veevavault.com/ui/#object/change_action__qdm/OPA0000000TC009,https://bluebirdbio-qualitydocs.veevavault.com/ui/#object/quality_event__qdm/OP20000000RL002
CA-014749,11-07-23 11:56,18-Sep-23,31-Dec-23,06-02-24 12:41,,Pre-Implementation,QE-006604,31-Jan-24,https://bluebirdbio-qualitydocs.veevavault.com/ui/#object/change_action__qdm/OPA0000000TD006,https://bluebirdbio-qualitydocs.veevavault.com/ui/#object/quality_event__qdm/OP20000000RL002
CA-014748,11-07-23 11:50,19-Sep-23,31-Dec-23,19-09-23 16:28,,Pre-Implementation,QE-006605,31-Jan-24,https://bluebirdbio-qualitydocs.veevavault.com/ui/#object/change_action__qdm/OPA0000000TC008,https://bluebirdbio-qualitydocs.veevavault.com/ui/#object/quality_event__qdm/OP20000000RM001
CA-014747,11-07-23 11:48,19-Sep-23,31-Dec-23,13-02-24 15:46,,Pre-Implementation,QE-006605,31-Jan-24,https://bluebirdbio-qualitydocs.veevavault.com/ui/#object/change_action__qdm/OPA0000000TC007,https://bluebirdbio-qualitydocs.veevavault.com/ui/#object/quality_event__qdm/OP20000000RM001
CA-014746,11-07-23 11:41,13-Nov-23,30-Oct-23,13-11-23 13:09,,Pre-Implementation,QE-006596,31-Dec-23,https://bluebirdbio-qualitydocs.veevavault.com/ui/#object/change_action__qdm/OPA0000000TF002,https://bluebirdbio-qualitydocs.veevavault.com/ui/#object/quality_event__qdm/OP20000000RH002
CA-014745,11-07-23 11:38,08-Nov-23,30-Oct-23,24-04-24 15:01,,Pre-Implementation,QE-006596,31-Dec-23,https://bluebirdbio-qualitydocs.veevavault.com/ui/#object/change_action__qdm/OPA0000000TF001,https://bluebirdbio-qualitydocs.veevavault.com/ui/#object/quality_event__qdm/OP20000000RH002
CA-014744,11-07-23 11:30,07-Feb-24,31-Dec-23,07-02-24 8:20,,Pre-Implementation,QE-006603,31-Jan-24,https://bluebirdbio-qualitydocs.veevavault.com/ui/#object/change_action__qdm/OPA0000000TD005,https://bluebirdbio-qualitydocs.veevavault.com/ui/#object/quality_event__qdm/OP20000000RK004
CA-014743,11-07-23 11:17,02-Feb-24,31-Dec-23,23-02-24 8:42,,Pre-Implementation,QE-006603,31-Jan-24,https://bluebirdbio-qualitydocs.veevavault.com/ui/#object/change_action__qdm/OPA0000000TE001,https://bluebirdbio-qualitydocs.veevavault.com/ui/#object/quality_event__qdm/OP20000000RK004
CA-014693,26-06-23 14:49,26-Sep-23,29-Dec-23,26-09-23 16:50,,Pre-Implementation,QE-006532,24-Jan-24,https://bluebirdbio-qualitydocs.veevavault.com/ui/#object/change_action__qdm/OPA0000000T4007,https://bluebirdbio-qualitydocs.veevavault.com/ui/#object/quality_event__qdm/OP20000000QY005
CA-014692,26-06-23 13:59,30-Jan-24,30-Nov-23,30-01-24 10:36,N/A,Pre-Implementation,QE-006591,08-Sep-23,https://bluebirdbio-qualitydocs.veevavault.com/ui/#object/change_action__qdm/OPA0000000T6003,https://bluebirdbio-qualitydocs.veevavault.com/ui/#object/quality_event__qdm/OP20000000RF002
CA-014691,26-06-23 13:58,30-Jan-24,22-Dec-23,30-01-24 10:39,N/A,Pre-Implementation,QE-006591,08-Sep-23,https://bluebirdbio-qualitydocs.veevavault.com/ui/#object/change_action__qdm/OPA0000000T7002,https://bluebirdbio-qualitydocs.veevavault.com/ui/#object/quality_event__qdm/OP20000000RF002
